distance,threshold
-10000,6.4392e+06
-7750,3.46891e+06
-5500,1.55171e+06
-3250,478950
-1000,51856.9
